episode,scenario,steps,decisions,avg_reward,avg_queue,throughput
1,low_traffic,3611,120,-0.714,0.408,756
2,low_traffic,3617,121,-0.402,0.371,819
3,low_traffic,3613,127,-0.658,0.387,757
4,low_traffic,3605,131,-0.481,0.313,871
5,low_traffic,3631,125,-0.496,0.437,797
6,low_traffic,3602,128,-0.737,0.434,850
7,low_traffic,3616,125,-0.734,0.482,852
8,low_traffic,3624,110,-0.72,0.458,829
9,low_traffic,3628,123,-0.641,0.392,837
10,low_traffic,3611,115,-0.624,0.408,790
11,low_traffic,3616,121,-0.804,0.489,877
12,low_traffic,3603,129,-0.657,0.355,838
13,low_traffic,3608,126,-0.86,0.502,861
14,low_traffic,3633,124,-0.51,0.349,868
15,low_traffic,3616,124,-0.385,0.443,905
16,low_traffic,3646,134,-0.796,0.367,866
17,low_traffic,3624,122,-0.815,0.415,896
18,low_traffic,3618,123,-0.612,0.427,848
19,low_traffic,3600,115,-0.292,0.347,799
20,low_traffic,3627,109,-0.237,0.407,879
21,low_traffic,3618,123,-0.43,0.438,943
22,low_traffic,3625,127,-0.972,0.475,959
23,low_traffic,3615,124,-0.624,0.518,808
24,low_traffic,3619,122,-0.726,0.422,1023
25,low_traffic,3627,118,-0.176,0.335,1039
26,low_traffic,3601,119,-0.217,0.464,971
27,low_traffic,3623,136,-0.67,0.433,839
28,low_traffic,3643,122,-1.065,0.384,1026
29,low_traffic,3614,128,-0.588,0.411,923
30,low_traffic,3626,127,-0.62,0.368,937
31,low_traffic,3636,132,-1.185,0.361,1007
32,low_traffic,3654,119,-0.542,0.377,1009
33,low_traffic,3601,130,-0.432,0.396,977
34,low_traffic,3628,110,-0.083,0.421,939
35,low_traffic,3605,134,-0.641,0.403,954
36,low_traffic,3605,139,-0.889,0.543,1029
37,low_traffic,3636,125,-0.779,0.467,878
38,low_traffic,3627,131,-0.747,0.469,990
39,low_traffic,3633,121,-0.549,0.437,861
40,low_traffic,3618,113,-0.394,0.431,894
41,low_traffic,3629,127,-0.737,0.387,824
42,low_traffic,3614,121,-0.904,0.397,985
43,low_traffic,3615,124,-0.571,0.444,950
44,low_traffic,3628,115,-0.212,0.408,927
45,low_traffic,3653,119,-0.376,0.485,943
46,low_traffic,3613,130,-0.528,0.383,851
47,low_traffic,3620,123,-0.515,0.407,859
48,low_traffic,3603,130,-0.697,0.404,1045
49,low_traffic,3610,123,-0.62,0.435,884
50,low_traffic,3640,112,-0.226,0.38,905
51,low_traffic,3635,118,-1.04,0.474,942
52,low_traffic,3644,118,-0.679,0.458,893
53,low_traffic,3609,128,-0.559,0.413,800
54,low_traffic,3615,115,-0.356,0.454,1010
55,low_traffic,3615,121,-0.544,0.471,1024
56,low_traffic,3618,113,-0.432,0.484,982
57,low_traffic,3601,115,-0.618,0.477,951
58,low_traffic,3602,113,-0.478,0.439,992
59,low_traffic,3621,124,-0.826,0.496,980
60,low_traffic,3614,124,-0.629,0.449,971
61,low_traffic,3604,130,-0.635,0.486,1012
62,low_traffic,3611,137,-0.894,0.63,966
63,low_traffic,3628,121,-0.726,0.481,984
64,low_traffic,3627,123,-0.522,0.468,844
65,low_traffic,3627,121,-1.31,0.726,951
66,low_traffic,3603,106,-0.228,0.427,930
67,low_traffic,3610,132,-0.725,0.438,773
68,low_traffic,3604,123,-0.528,0.372,878
69,low_traffic,3605,113,-0.654,0.463,976
70,low_traffic,3627,129,-0.437,0.356,1000
71,low_traffic,3607,123,-0.35,0.457,1048
72,low_traffic,3617,120,-0.466,0.393,949
73,low_traffic,3622,122,-0.64,0.474,990
74,low_traffic,3600,117,-0.33,0.378,941
75,low_traffic,3601,137,-0.78,0.387,967
76,low_traffic,3639,127,-0.817,0.453,920
77,low_traffic,3620,121,-0.515,0.384,955
78,low_traffic,3631,127,-0.539,0.395,1014
79,low_traffic,3603,110,-0.555,0.474,1041
80,low_traffic,3633,113,-0.301,0.359,1001
81,low_traffic,3609,128,-0.544,0.342,994
82,low_traffic,3602,116,-0.474,0.44,927
83,low_traffic,3603,126,-0.923,0.393,967
84,low_traffic,3612,112,-0.333,0.345,998
85,low_traffic,3620,117,-0.375,0.363,882
86,low_traffic,3617,113,-0.635,0.454,937
87,low_traffic,3642,122,-1.112,0.441,948
88,low_traffic,3619,111,-0.37,0.444,931
89,low_traffic,3601,113,-0.456,0.487,838
90,low_traffic,3616,116,-0.974,0.554,982
91,low_traffic,3610,119,-0.688,0.41,796
92,low_traffic,3632,122,-0.616,0.345,823
93,low_traffic,3609,123,-0.478,0.372,943
94,low_traffic,3646,121,-0.705,0.434,858
95,low_traffic,3658,116,-0.508,0.441,893
96,low_traffic,3627,121,-0.377,0.493,940
97,low_traffic,3604,137,-0.861,0.518,846
98,low_traffic,3620,124,-0.447,0.399,903
99,low_traffic,3612,115,-0.567,0.388,927
100,low_traffic,3649,123,-0.394,0.338,925
101,low_traffic,3617,107,-0.505,0.433,854
102,low_traffic,3645,117,-0.316,0.343,899
103,low_traffic,3624,108,-0.324,0.308,971
104,low_traffic,3657,125,-0.739,0.417,966
105,low_traffic,3645,129,-1.006,0.364,1030
106,low_traffic,3606,113,-0.739,0.415,1032
107,low_traffic,3609,127,-0.468,0.345,917
108,low_traffic,3612,125,-0.457,0.385,941
109,low_traffic,3634,107,-0.893,0.441,960
110,low_traffic,3628,116,-0.455,0.348,840
111,low_traffic,3645,129,-0.675,0.389,902
112,low_traffic,3605,125,-0.387,0.37,838
113,low_traffic,3626,120,-1.198,0.616,926
114,low_traffic,3627,116,-0.613,0.412,830
115,low_traffic,3621,118,-0.378,0.41,924
116,low_traffic,3621,106,-0.427,0.42,819
117,low_traffic,3605,113,-0.299,0.375,825
118,low_traffic,3618,113,-0.332,0.375,965
119,low_traffic,3613,117,-0.892,0.485,830
120,low_traffic,3605,124,-0.562,0.417,840
121,low_traffic,3605,104,-0.157,0.369,964
122,low_traffic,3617,125,-0.635,0.422,736
123,low_traffic,3621,120,-0.393,0.402,890
124,low_traffic,3611,120,-0.173,0.363,879
125,low_traffic,3627,113,-0.044,0.36,916
126,low_traffic,3609,129,-0.583,0.393,746
127,low_traffic,3638,127,-0.73,0.499,1024
128,low_traffic,3626,123,-0.528,0.586,1016
129,low_traffic,3602,115,-0.679,0.522,925
130,low_traffic,3625,124,-0.502,0.404,1056
131,low_traffic,3618,116,-0.401,0.378,963
132,low_traffic,3626,127,-0.506,0.343,884
133,low_traffic,3603,129,-0.412,0.414,915
134,low_traffic,3633,116,-1.166,0.605,1113
135,low_traffic,3631,120,-0.568,0.502,931
136,low_traffic,3605,127,-0.759,0.422,959
137,low_traffic,3602,109,-0.337,0.445,859
138,low_traffic,3649,123,-0.351,0.396,948
139,low_traffic,3646,134,-0.553,0.44,932
140,low_traffic,3610,118,-0.408,0.405,994
141,low_traffic,3608,122,-0.758,0.45,936
142,low_traffic,3625,111,-0.358,0.449,947
143,low_traffic,3648,106,-0.294,0.421,911
144,low_traffic,3617,121,-0.44,0.49,891
145,low_traffic,3603,113,-0.678,0.655,994
146,low_traffic,3629,127,-0.726,0.549,938
147,low_traffic,3620,118,-0.463,0.419,932
148,low_traffic,3668,119,-0.493,0.446,937
149,low_traffic,3642,122,-0.488,0.348,892
150,low_traffic,3604,121,-0.668,0.463,919
151,normal,3604,114,-0.594,0.588,1051
152,low_traffic,3604,127,-0.44,0.382,895
153,low_traffic,3601,120,-0.586,0.43,966
154,low_traffic,3630,115,-0.554,0.422,910
155,normal,3618,120,-0.293,0.367,894
156,normal,3632,113,-0.51,0.415,960
157,low_traffic,3606,128,-0.663,0.384,854
158,normal,3622,119,-0.31,0.373,798
159,low_traffic,3604,125,-0.581,0.342,912
160,low_traffic,3663,121,-0.54,0.368,842
161,low_traffic,3616,125,-0.453,0.358,823
162,normal,3609,102,0.099,0.401,1009
163,low_traffic,3608,113,-0.226,0.347,886
164,normal,3636,109,-0.148,0.383,978
165,low_traffic,3600,119,-0.579,0.406,930
166,low_traffic,3602,115,-0.243,0.407,927
167,low_traffic,3621,116,-0.452,0.38,893
168,low_traffic,3615,116,-0.382,0.436,928
169,low_traffic,3601,119,-0.487,0.304,851
170,low_traffic,3601,119,-0.28,0.302,846
171,low_traffic,3610,104,-0.161,0.352,1058
172,normal,3609,110,-0.4,0.335,914
173,low_traffic,3626,111,-0.292,0.403,985
174,low_traffic,3601,104,-0.41,0.374,935
175,low_traffic,3600,116,-0.373,0.333,881
176,normal,3618,108,-0.374,0.433,988
177,low_traffic,3610,111,-0.157,0.414,860
178,normal,3639,115,-0.221,0.392,864
179,low_traffic,3637,117,-0.31,0.357,886
180,low_traffic,3622,124,-0.601,0.377,915
181,low_traffic,3636,123,-0.408,0.371,869
182,normal,3635,102,-0.149,0.439,1030
183,low_traffic,3611,125,-0.777,0.579,931
184,low_traffic,3646,134,-0.575,0.419,900
185,normal,3629,114,-0.216,0.393,941
186,normal,3613,112,-0.237,0.388,948
187,low_traffic,3640,126,-0.288,0.342,862
188,low_traffic,3603,120,-0.43,0.408,960
189,normal,3624,111,-0.523,0.406,965
190,low_traffic,3607,118,-0.242,0.428,926
191,low_traffic,3610,122,-0.511,0.344,883
192,low_traffic,3612,131,-0.618,0.354,921
193,normal,3606,119,-0.558,0.338,886
194,low_traffic,3622,118,-0.121,0.358,825
195,normal,3612,110,-0.271,0.351,963
196,normal,3611,110,-0.399,0.364,900
197,low_traffic,3631,128,-0.388,0.335,805
198,low_traffic,3608,113,-0.395,0.393,953
199,normal,3638,112,-0.508,0.507,900
200,low_traffic,3600,116,-0.506,0.459,930
201,low_traffic,3608,113,-0.478,0.395,975
202,low_traffic,3607,127,-0.485,0.415,844
203,normal,3653,113,-0.204,0.378,851
204,normal,3601,108,-0.112,0.405,872
205,normal,3639,113,-0.328,0.376,935
206,low_traffic,3632,117,-0.416,0.322,869
207,low_traffic,3641,130,-0.623,0.403,954
208,normal,3642,108,-0.148,0.345,954
209,low_traffic,3625,115,-0.262,0.364,872
210,low_traffic,3618,134,-0.626,0.388,967
211,low_traffic,3605,112,-0.181,0.357,817
212,low_traffic,3610,112,-0.429,0.397,901
213,normal,3621,106,-0.052,0.36,911
214,low_traffic,3610,118,-0.411,0.385,815
215,normal,3609,114,-0.282,0.411,1002
216,low_traffic,3613,116,-0.253,0.343,910
217,low_traffic,3613,122,-0.311,0.324,963
218,normal,3606,102,-0.173,0.475,1033
219,normal,3618,105,0.023,0.358,997
220,low_traffic,3621,114,-0.504,0.357,1061
221,normal,3614,117,-0.788,0.418,909
222,low_traffic,3653,106,-0.145,0.425,947
223,low_traffic,3617,124,-0.83,0.375,1006
224,low_traffic,3633,120,-0.469,0.352,914
225,low_traffic,3647,114,-0.301,0.381,1015
226,low_traffic,3624,108,-0.228,0.375,1020
227,low_traffic,3616,125,-0.715,0.395,931
228,normal,3601,127,-0.486,0.427,996
229,normal,3608,105,-0.021,0.387,1066
230,low_traffic,3656,119,-0.555,0.386,1064
231,low_traffic,3623,121,-0.353,0.344,957
232,normal,3630,103,-0.087,0.406,1029
233,normal,3600,117,-0.323,0.368,940
234,low_traffic,3613,100,-0.112,0.405,909
235,low_traffic,3633,107,-0.296,0.378,896
236,low_traffic,3617,109,-0.317,0.369,910
237,normal,3627,107,-0.187,0.36,913
238,low_traffic,3607,96,-0.229,0.57,1001
239,low_traffic,3646,109,0.035,0.363,935
240,normal,3622,119,-0.192,0.349,948
241,low_traffic,3603,109,-0.396,0.439,885
242,low_traffic,3614,126,-0.367,0.386,911
243,low_traffic,3624,108,-0.222,0.399,1070
244,low_traffic,3603,109,-0.331,0.41,898
245,low_traffic,3610,118,-0.436,0.369,864
246,normal,3618,108,-0.35,0.377,913
247,low_traffic,3650,110,-0.146,0.346,927
248,normal,3636,109,-0.191,0.365,942
249,low_traffic,3619,119,-0.527,0.332,855
250,low_traffic,3629,104,-0.443,0.392,903
251,low_traffic,3630,112,-0.179,0.322,920
252,normal,3651,107,-0.621,0.406,921
253,low_traffic,3660,115,-0.188,0.331,916
254,low_traffic,3624,107,-0.05,0.36,861
255,low_traffic,3619,110,-0.235,0.396,907
256,normal,3610,107,-0.157,0.334,942
257,normal,3620,102,-0.36,0.414,962
258,normal,3630,93,0.089,0.379,936
259,low_traffic,3646,104,-0.339,0.417,894
260,low_traffic,3627,102,-0.136,0.42,926
261,low_traffic,3601,101,-0.152,0.351,847
262,low_traffic,3620,104,-0.272,0.424,880
263,low_traffic,3617,107,-0.318,0.398,827
264,normal,3602,110,-0.589,0.433,937
265,low_traffic,3629,110,-0.518,0.441,858
266,low_traffic,3613,108,-0.243,0.337,880
267,low_traffic,3612,98,-0.436,0.453,963
268,low_traffic,3601,113,-0.469,0.355,761
269,low_traffic,3655,107,-0.396,0.404,1008
270,low_traffic,3616,109,-0.716,0.416,917
271,normal,3639,98,0.201,0.391,921
272,low_traffic,3606,116,-0.278,0.338,812
273,low_traffic,3606,113,-0.2,0.383,852
274,low_traffic,3600,110,-0.348,0.417,908
275,low_traffic,3610,110,-0.375,0.354,912
276,low_traffic,3640,97,0.097,0.391,899
277,low_traffic,3644,120,-0.546,0.422,824
278,low_traffic,3609,98,-0.102,0.393,960
279,low_traffic,3634,122,-0.465,0.352,890
280,low_traffic,3657,112,-0.07,0.415,1012
281,normal,3632,110,-0.37,0.439,932
282,low_traffic,3632,108,-0.316,0.38,897
283,low_traffic,3600,116,-0.6,0.443,861
284,normal,3630,97,0.051,0.403,982
285,low_traffic,3657,104,-0.178,0.446,864
286,normal,3623,95,0.06,0.424,899
287,low_traffic,3645,108,-0.213,0.357,879
288,low_traffic,3603,99,-0.337,0.463,833
289,low_traffic,3608,108,-0.032,0.33,976
290,normal,3617,92,0.21,0.379,961
291,normal,3600,110,-0.165,0.321,863
292,low_traffic,3632,102,-0.144,0.386,954
293,low_traffic,3605,111,-0.393,0.405,904
294,low_traffic,3668,112,-0.151,0.396,869
295,low_traffic,3632,112,-0.443,0.379,918
296,normal,3604,99,0.029,0.381,913
297,low_traffic,3608,99,-0.307,0.438,992
298,low_traffic,3621,107,-0.284,0.406,903
299,low_traffic,3604,114,-0.479,0.368,880
300,normal,3615,107,-0.176,0.329,961
301,low_traffic,3645,115,-0.18,0.352,971
302,low_traffic,3649,108,-0.094,0.345,911
303,peak_hour,3615,108,-0.398,0.412,985
304,normal,3607,101,-0.193,0.394,928
305,peak_hour,3613,99,-0.247,0.453,903
306,peak_hour,3602,107,-0.236,0.372,966
307,normal,3659,91,0.392,0.418,983
308,peak_hour,3611,103,0.043,0.371,931
309,normal,3610,112,-0.167,0.372,952
310,low_traffic,3626,108,-0.358,0.357,913
311,low_traffic,3611,105,-0.141,0.408,938
312,normal,3605,105,-0.067,0.405,990
313,normal,3626,111,-0.437,0.384,930
314,normal,3612,97,-0.229,0.365,1006
315,low_traffic,3635,123,-0.284,0.381,877
316,normal,3605,97,-0.243,0.47,1012
317,low_traffic,3608,113,-0.561,0.49,913
318,normal,3601,114,-0.156,0.39,959
319,low_traffic,3613,111,-0.288,0.392,921
320,low_traffic,3605,107,-0.23,0.373,912
321,low_traffic,3638,114,-0.249,0.333,990
322,normal,3613,103,-0.052,0.371,889
323,low_traffic,3618,106,-0.262,0.385,945
324,normal,3626,106,-0.075,0.363,987
325,low_traffic,3614,99,-0.086,0.45,995
326,low_traffic,3600,97,0.121,0.404,966
327,peak_hour,3625,114,-0.267,0.351,999
328,low_traffic,3649,109,-0.212,0.378,991
329,normal,3605,110,-0.095,0.338,991
330,normal,3664,108,-0.315,0.388,991
331,normal,3638,104,0.062,0.389,989
332,normal,3629,115,-0.504,0.396,962
333,peak_hour,3617,98,0.153,0.41,958
334,normal,3607,100,-0.104,0.421,1031
335,low_traffic,3604,99,-0.132,0.47,1032
336,normal,3606,111,-0.486,0.412,1045
337,low_traffic,3644,113,-0.494,0.36,942
338,low_traffic,3604,110,-0.469,0.386,879
339,normal,3601,97,-0.138,0.473,925
340,low_traffic,3621,107,-0.57,0.465,914
341,low_traffic,3600,114,-0.303,0.392,923
342,low_traffic,3635,99,-0.277,0.482,930
343,normal,3628,118,-0.337,0.372,859
344,low_traffic,3610,106,-0.145,0.365,894
345,low_traffic,3654,111,-0.097,0.346,873
346,normal,3640,102,-0.256,0.416,939
347,low_traffic,3606,104,-0.062,0.336,1048
348,peak_hour,3622,98,-0.177,0.401,953
349,peak_hour,3615,103,-0.223,0.396,912
350,low_traffic,3609,123,-0.309,0.342,902
351,normal,3651,101,0.075,0.379,872
352,low_traffic,3609,113,-0.47,0.341,911
353,normal,3602,92,0.068,0.415,943
354,low_traffic,3635,102,-0.352,0.39,916
355,normal,3654,113,-0.488,0.361,962
356,normal,3660,110,-0.152,0.362,968
357,peak_hour,3613,106,-0.13,0.391,988
358,low_traffic,3639,120,-0.246,0.332,855
359,normal,3606,98,-0.018,0.376,982
360,peak_hour,3600,111,-0.259,0.355,930
361,normal,3658,108,0.007,0.446,1008
362,low_traffic,3652,101,-0.065,0.367,875
363,low_traffic,3603,92,0.028,0.382,985
364,low_traffic,3636,99,-0.071,0.405,1020
365,normal,3620,110,-0.237,0.315,961
366,low_traffic,3640,111,-0.324,0.394,850
367,low_traffic,3632,103,-0.074,0.388,880
368,low_traffic,3640,106,-0.288,0.362,935
369,low_traffic,3653,114,-0.087,0.336,896
370,normal,3624,93,0.092,0.476,904
371,peak_hour,3637,129,-0.476,0.362,896
372,low_traffic,3647,100,0.03,0.366,1013
373,peak_hour,3607,117,-0.338,0.357,806
374,normal,3614,112,-0.049,0.379,865
375,low_traffic,3641,103,-0.068,0.394,959
376,low_traffic,3600,105,-0.415,0.431,921
377,normal,3626,103,-0.215,0.398,853
378,normal,3609,95,-0.064,0.347,1002
379,low_traffic,3651,102,-0.28,0.397,840
380,low_traffic,3623,99,-0.432,0.412,900
381,normal,3617,96,-0.166,0.403,959
382,low_traffic,3628,103,-0.141,0.32,858
383,normal,3629,107,-0.441,0.35,877
384,low_traffic,3634,108,-0.329,0.357,883
385,low_traffic,3652,107,-0.343,0.351,842
386,peak_hour,3611,109,-0.339,0.384,881
387,low_traffic,3648,102,-0.493,0.46,874
388,normal,3641,93,0.077,0.378,803
389,peak_hour,3601,102,-0.22,0.364,883
390,low_traffic,3627,104,-0.117,0.37,856
391,peak_hour,3645,93,0.153,0.358,905
392,low_traffic,3603,99,-0.166,0.379,868
393,peak_hour,3664,98,0.339,0.354,1009
394,normal,3604,92,0.139,0.384,894
395,normal,3620,87,0.22,0.398,889
396,normal,3624,106,-0.493,0.352,799
397,low_traffic,3612,113,-0.274,0.362,918
398,normal,3619,89,0.295,0.398,895
399,low_traffic,3645,97,0.247,0.355,955
400,low_traffic,3630,114,-0.387,0.357,912
401,normal,3623,106,0.045,0.311,1001
402,low_traffic,3601,118,-0.455,0.331,814
403,peak_hour,3602,105,-0.261,0.344,889
404,peak_hour,3663,106,0.128,0.303,935
405,normal,3600,107,-0.306,0.345,1001
406,low_traffic,3636,109,-0.162,0.331,902
407,low_traffic,3649,104,-0.18,0.359,890
408,normal,3637,103,0.079,0.359,989
409,low_traffic,3627,112,-0.177,0.377,944
410,low_traffic,3651,100,-0.098,0.358,978
411,peak_hour,3606,103,-0.124,0.372,915
412,low_traffic,3605,111,-0.406,0.341,892
413,low_traffic,3658,99,-0.235,0.384,920
414,normal,3616,103,-0.197,0.36,994
415,low_traffic,3603,104,-0.145,0.367,982
416,peak_hour,3616,101,-0.04,0.384,884
417,normal,3608,96,0.083,0.343,959
418,low_traffic,3628,107,-0.421,0.354,925
419,low_traffic,3631,112,-0.45,0.336,908
420,normal,3617,105,-0.016,0.322,878
421,low_traffic,3667,111,-0.356,0.369,857
422,peak_hour,3603,100,-0.064,0.335,883
423,low_traffic,3645,101,-0.08,0.35,918
424,low_traffic,3642,107,-0.34,0.378,898
425,low_traffic,3649,101,-0.185,0.39,933
426,low_traffic,3657,115,-0.556,0.347,888
427,peak_hour,3601,109,-0.258,0.338,879
428,low_traffic,3628,99,-0.459,0.435,927
429,low_traffic,3647,106,-0.213,0.376,886
430,low_traffic,3605,112,-0.429,0.381,819
431,low_traffic,3618,108,-0.037,0.323,848
432,low_traffic,3614,98,0.008,0.34,833
433,normal,3612,103,-0.103,0.384,916
434,low_traffic,3648,118,-0.483,0.356,950
435,low_traffic,3610,108,-0.362,0.331,844
436,peak_hour,3612,103,-0.105,0.318,902
437,normal,3621,113,-0.125,0.329,875
438,low_traffic,3671,96,-0.299,0.392,945
439,low_traffic,3600,103,-0.05,0.363,870
440,normal,3638,100,-0.191,0.346,902
441,low_traffic,3618,112,-0.506,0.318,940
442,normal,3663,102,0.048,0.369,907
443,peak_hour,3611,104,-0.026,0.334,899
444,peak_hour,3645,109,-0.599,0.369,778
445,normal,3611,116,-0.722,0.41,862
446,low_traffic,3600,95,0.065,0.312,975
447,low_traffic,3602,108,-0.309,0.4,839
448,low_traffic,3615,104,-0.138,0.341,921
449,peak_hour,3654,110,-0.239,0.313,866
450,peak_hour,3623,106,-0.242,0.352,822
451,normal,3664,96,0.119,0.367,948
452,normal,3655,101,-0.199,0.382,918
453,low_traffic,3619,102,-0.089,0.36,960
454,low_traffic,3613,110,-0.012,0.362,906
455,low_traffic,3645,105,-0.177,0.333,932
456,low_traffic,3612,117,-0.296,0.338,960
457,normal,3604,101,-0.023,0.369,983
458,normal,3638,92,0.053,0.388,908
459,low_traffic,3602,102,-0.034,0.336,934
460,normal,3611,114,-0.071,0.364,950
461,normal,3625,102,-0.188,0.376,929
462,normal,3625,108,-0.225,0.37,965
463,low_traffic,3615,104,-0.353,0.345,946
464,peak_hour,3646,108,-0.295,0.322,1012
465,peak_hour,3624,92,0.296,0.353,963
466,low_traffic,3607,108,-0.094,0.336,977
467,peak_hour,3643,108,-0.403,0.371,915
468,low_traffic,3635,101,-0.205,0.341,898
469,peak_hour,3630,106,-0.237,0.368,917
470,normal,3611,106,0.052,0.33,981
471,normal,3635,114,-0.198,0.339,855
472,normal,3642,110,-0.155,0.358,906
473,low_traffic,3602,103,-0.313,0.337,886
474,low_traffic,3618,103,-0.29,0.352,940
475,normal,3639,101,-0.047,0.382,913
476,normal,3639,97,-0.01,0.35,911
477,low_traffic,3631,104,-0.217,0.336,946
478,peak_hour,3604,106,-0.303,0.379,862
479,peak_hour,3617,108,-0.214,0.345,911
480,low_traffic,3628,129,-0.652,0.32,900
481,low_traffic,3603,106,-0.331,0.322,906
482,normal,3614,111,-0.389,0.347,870
483,peak_hour,3662,105,-0.099,0.356,967
484,low_traffic,3605,107,-0.155,0.35,983
485,low_traffic,3633,117,-0.381,0.304,858
486,peak_hour,3624,111,-0.397,0.347,892
487,low_traffic,3656,111,-0.139,0.353,896
488,peak_hour,3657,96,-0.186,0.38,928
489,normal,3641,97,0.174,0.364,912
490,normal,3607,101,-0.307,0.337,879
491,low_traffic,3601,102,0.03,0.34,962
492,normal,3629,91,0.28,0.341,932
493,peak_hour,3643,102,-0.164,0.382,945
494,peak_hour,3657,98,-0.052,0.358,937
495,peak_hour,3634,105,0.005,0.388,942
496,peak_hour,3631,104,-0.254,0.355,887
497,normal,3634,93,0.248,0.365,953
498,low_traffic,3661,104,-0.091,0.38,998
499,low_traffic,3608,101,0.066,0.344,967
500,peak_hour,3644,101,-0.044,0.35,807
501,rainy_peak,3644,82,0.603,0.386,821
502,cloudy_normal,3607,108,-0.454,0.359,793
503,low_traffic,3650,97,0.056,0.383,937
504,peak_hour,3635,100,-0.068,0.373,959
505,rainy_peak,3651,81,0.132,0.424,805
506,cloudy_normal,3612,113,-0.133,0.375,785
507,peak_hour,3654,101,-0.251,0.435,855
508,cloudy_normal,3606,108,-0.293,0.439,764
509,cloudy_normal,3651,100,-0.004,0.408,828
510,rainy_normal,3630,86,0.09,0.408,837
511,cloudy_normal,3601,98,0.16,0.359,880
512,rainy_peak,3619,74,0.525,0.452,839
513,rainy_normal,3670,83,0.327,0.481,830
514,low_traffic,3620,111,-0.487,0.384,782
515,rainy_normal,3625,91,0.095,0.425,855
516,low_traffic,3613,106,-0.208,0.363,838
517,peak_hour,3658,98,0.078,0.346,1060
518,normal,3625,119,-0.35,0.36,963
519,rainy_peak,3629,85,0.16,0.449,859
520,normal,3618,108,-0.414,0.375,970
521,cloudy_normal,3601,103,-0.113,0.42,887
522,normal,3653,106,-0.067,0.37,991
523,cloudy_normal,3643,104,-0.386,0.413,907
524,rainy_peak,3628,94,0.016,0.479,767
525,cloudy_normal,3615,115,-0.224,0.332,879
526,normal,3615,99,0.187,0.385,911
527,low_traffic,3603,110,-0.557,0.34,870
528,rainy_normal,3614,86,-0.007,0.379,867
529,cloudy_normal,3618,97,-0.047,0.448,912
530,cloudy_normal,3653,114,-0.262,0.376,853
531,normal,3601,93,0.137,0.416,1020
532,low_traffic,3606,110,-0.271,0.344,876
533,low_traffic,3617,108,-0.268,0.358,921
534,low_traffic,3633,99,0.197,0.377,1046
535,normal,3623,104,0.096,0.372,930
536,low_traffic,3637,98,-0.177,0.385,968
537,normal,3609,92,0.246,0.403,914
538,normal,3605,101,0.004,0.371,976
539,rainy_normal,3611,94,0.1,0.414,842
540,normal,3634,115,-0.234,0.356,1011
541,low_traffic,3647,97,-0.208,0.413,863
542,rainy_normal,3602,79,0.391,0.429,838
543,cloudy_normal,3637,97,0.207,0.418,902
544,low_traffic,3611,104,-0.123,0.399,920
545,peak_hour,3629,104,-0.079,0.346,964
546,rainy_normal,3624,85,0.396,0.417,843
547,rainy_normal,3626,85,0.183,0.392,853
548,rainy_normal,3609,88,-0.038,0.486,844
549,rainy_peak,3630,90,0.055,0.439,856
550,low_traffic,3617,108,0.002,0.331,917
551,rainy_peak,3622,89,0.272,0.495,826
552,low_traffic,3625,102,-0.033,0.37,943
553,low_traffic,3656,107,-0.408,0.351,964
554,rainy_normal,3603,75,0.646,0.464,866
555,low_traffic,3606,112,-0.124,0.361,980
556,peak_hour,3648,96,0.266,0.362,985
557,rainy_normal,3605,83,0.37,0.474,811
558,cloudy_normal,3618,99,0.076,0.39,912
559,cloudy_normal,3661,99,0.005,0.377,933
560,rainy_normal,3615,89,0.152,0.438,892
561,rainy_normal,3645,82,0.495,0.382,866
562,cloudy_normal,3621,102,0.021,0.369,946
563,cloudy_normal,3611,100,-0.003,0.309,878
564,rainy_normal,3604,88,0.241,0.37,827
565,cloudy_normal,3641,99,0.132,0.335,921
566,low_traffic,3604,108,-0.204,0.355,915
567,cloudy_normal,3637,103,0.09,0.328,868
568,normal,3605,107,-0.124,0.309,907
569,low_traffic,3638,107,-0.063,0.349,905
570,low_traffic,3610,110,-0.06,0.32,943
571,peak_hour,3625,109,-0.057,0.333,867
572,cloudy_normal,3646,118,-0.382,0.333,888
573,cloudy_normal,3615,104,-0.103,0.357,1037
574,peak_hour,3626,111,-0.113,0.333,929
575,cloudy_normal,3607,105,0.206,0.365,969
576,low_traffic,3639,102,-0.012,0.333,989
577,rainy_normal,3637,75,0.459,0.378,897
578,peak_hour,3630,98,0.059,0.345,903
579,rainy_peak,3622,76,0.782,0.378,839
580,rainy_peak,3637,88,0.624,0.364,883
581,low_traffic,3618,107,-0.354,0.336,916
582,normal,3618,98,-0.029,0.364,972
583,rainy_peak,3606,83,0.366,0.384,785
584,rainy_peak,3640,85,0.416,0.363,877
585,low_traffic,3602,97,0.14,0.37,910
586,rainy_peak,3604,89,0.272,0.381,820
587,normal,3600,108,-0.052,0.296,829
588,low_traffic,3609,99,-0.022,0.335,954
589,peak_hour,3617,106,-0.173,0.335,847
590,normal,3606,90,0.204,0.361,974
591,peak_hour,3605,96,0.029,0.425,911
592,normal,3653,100,-0.002,0.375,901
593,rainy_peak,3630,86,0.344,0.358,895
594,rainy_peak,3606,88,0.131,0.354,838
595,cloudy_normal,3603,91,0.313,0.368,947
596,rainy_normal,3637,86,0.258,0.36,887
597,normal,3650,113,-0.044,0.293,845
598,rainy_peak,3600,86,0.594,0.326,833
599,low_traffic,3604,111,-0.166,0.326,875
600,cloudy_normal,3617,99,-0.079,0.336,837
601,normal,3631,97,0.03,0.328,919
602,peak_hour,3619,110,-0.264,0.34,854
603,rainy_normal,3614,82,0.753,0.399,900
604,rainy_normal,3629,96,0.19,0.369,839
605,rainy_peak,3632,90,0.245,0.353,835
606,low_traffic,3604,109,-0.014,0.304,866
607,low_traffic,3636,111,-0.111,0.326,875
608,rainy_peak,3637,92,0.118,0.371,889
609,low_traffic,3648,114,-0.292,0.37,873
610,rainy_normal,3611,80,0.29,0.405,840
611,rainy_normal,3652,86,0.722,0.349,837
612,rainy_normal,3628,83,0.327,0.45,873
613,cloudy_normal,3618,103,-0.022,0.345,908
614,normal,3621,95,-0.034,0.371,900
615,peak_hour,3617,92,0.288,0.368,897
616,normal,3602,109,-0.324,0.34,840
617,cloudy_normal,3607,106,-0.041,0.341,902
618,rainy_normal,3602,79,0.458,0.412,826
619,rainy_normal,3640,89,0.424,0.391,842
620,rainy_peak,3655,76,0.722,0.356,828
621,normal,3641,108,-0.287,0.39,843
622,rainy_peak,3630,77,0.771,0.404,880
623,cloudy_normal,3606,116,-0.073,0.334,856
624,peak_hour,3630,119,-0.314,0.318,842
625,low_traffic,3637,113,-0.308,0.335,814
626,rainy_peak,3637,84,0.358,0.397,880
627,cloudy_normal,3619,118,-0.469,0.356,823
628,low_traffic,3619,102,-0.33,0.37,845
629,normal,3612,107,-0.197,0.362,916
630,rainy_normal,3601,89,0.067,0.367,845
631,normal,3619,99,0.058,0.328,912
632,rainy_normal,3633,87,0.027,0.422,851
633,peak_hour,3613,93,0.336,0.341,910
634,rainy_peak,3623,85,0.432,0.363,881
635,cloudy_normal,3652,121,-0.613,0.345,820
636,cloudy_normal,3654,113,-0.298,0.391,838
637,cloudy_normal,3609,108,-0.047,0.372,931
638,peak_hour,3607,108,-0.104,0.358,834
639,rainy_peak,3630,85,0.268,0.354,828
640,rainy_normal,3628,99,0.073,0.332,832
641,rainy_peak,3603,81,0.317,0.417,844
642,peak_hour,3643,103,0.025,0.342,872
643,rainy_normal,3618,87,0.314,0.369,870
644,cloudy_normal,3627,111,-0.037,0.358,904
645,cloudy_normal,3631,110,-0.265,0.333,909
646,cloudy_normal,3640,108,-0.255,0.351,788
647,rainy_normal,3628,87,0.331,0.405,869
648,peak_hour,3613,105,0.225,0.306,862
649,rainy_peak,3646,88,0.43,0.368,872
650,rainy_peak,3659,92,0.261,0.407,860
651,rainy_peak,3638,94,0.024,0.419,817
652,rainy_peak,3661,85,0.395,0.339,946
653,rainy_normal,3627,90,0.208,0.384,864
654,low_traffic,3612,121,-0.389,0.299,961
655,rainy_peak,3614,83,0.607,0.373,877
656,normal,3623,114,-0.312,0.369,851
657,peak_hour,3619,102,0.005,0.31,946
658,rainy_peak,3639,81,0.78,0.389,906
659,rainy_peak,3626,90,0.302,0.387,841
660,cloudy_normal,3606,113,-0.31,0.36,869
661,peak_hour,3626,98,0.357,0.344,1046
662,low_traffic,3631,103,-0.165,0.378,1020
663,normal,3646,104,-0.239,0.396,1038
664,cloudy_normal,3602,95,0.082,0.394,994
665,peak_hour,3619,106,-0.206,0.372,1030
666,rainy_peak,3653,96,-0.113,0.36,906
667,normal,3627,103,-0.105,0.309,916
668,rainy_peak,3608,75,0.71,0.381,979
669,peak_hour,3627,113,-0.007,0.367,903
670,cloudy_normal,3663,108,-0.13,0.321,926
671,normal,3610,106,-0.03,0.327,936
672,normal,3617,100,0.043,0.362,936
673,normal,3628,99,0.183,0.336,918
674,normal,3651,107,-0.311,0.334,959
675,normal,3611,104,-0.208,0.343,957
676,rainy_peak,3635,79,0.525,0.392,898
677,rainy_peak,3630,95,0.073,0.329,817
678,normal,3604,99,-0.022,0.386,943
679,rainy_peak,3614,74,0.82,0.347,898
680,peak_hour,3640,104,0.023,0.366,965
681,rainy_peak,3657,91,0.285,0.399,898
682,normal,3643,99,0.113,0.36,959
683,peak_hour,3632,109,-0.254,0.352,778
684,normal,3620,113,-0.334,0.314,1015
685,peak_hour,3646,103,-0.045,0.336,971
686,rainy_normal,3601,88,0.361,0.381,868
687,normal,3634,109,-0.173,0.344,937
688,low_traffic,3664,109,-0.186,0.343,945
689,rainy_peak,3607,73,0.743,0.404,874
690,rainy_peak,3600,100,0.077,0.353,877
691,low_traffic,3636,106,-0.189,0.343,950
692,rainy_peak,3637,82,0.555,0.384,857
693,rainy_peak,3636,82,0.577,0.359,907
694,peak_hour,3607,118,-0.242,0.317,884
695,peak_hour,3649,107,0.062,0.324,899
696,cloudy_normal,3610,122,-0.478,0.355,793
697,low_traffic,3603,100,0.129,0.326,960
698,cloudy_normal,3661,97,0.063,0.34,929
699,cloudy_normal,3610,101,0.109,0.352,903
700,normal,3606,108,-0.219,0.298,915
701,rainy_normal,3613,86,0.319,0.382,861
702,normal,3659,110,-0.323,0.336,968
703,rainy_normal,3626,83,0.545,0.402,877
704,low_traffic,3612,98,0.091,0.336,972
705,peak_hour,3651,109,0.057,0.334,981
706,low_traffic,3638,111,-0.022,0.31,915
707,cloudy_normal,3608,110,0.114,0.311,888
708,rainy_normal,3602,82,0.62,0.399,914
709,rainy_peak,3637,88,0.336,0.386,974
710,cloudy_normal,3610,112,-0.01,0.352,929
711,cloudy_normal,3651,112,0.091,0.319,895
712,rainy_peak,3601,87,0.299,0.342,863
713,low_traffic,3629,100,-0.287,0.387,983
714,low_traffic,3619,114,-0.413,0.345,775
715,peak_hour,3613,113,-0.071,0.349,826
716,cloudy_normal,3603,111,-0.382,0.344,807
717,normal,3671,120,-0.424,0.329,888
718,low_traffic,3610,106,-0.227,0.357,826
719,rainy_normal,3603,84,0.609,0.361,861
720,low_traffic,3620,111,-0.345,0.347,856
721,peak_hour,3634,106,-0.352,0.355,905
722,low_traffic,3605,101,0.011,0.328,884
723,cloudy_normal,3610,91,0.04,0.354,894
724,peak_hour,3611,106,-0.087,0.334,888
725,low_traffic,3634,110,-0.093,0.353,938
726,peak_hour,3623,107,-0.079,0.335,908
727,peak_hour,3603,101,0.048,0.342,835
728,peak_hour,3605,101,0.079,0.366,878
729,low_traffic,3614,109,-0.179,0.353,819
730,peak_hour,3613,99,0.217,0.346,910
731,low_traffic,3610,114,-0.27,0.323,807
732,normal,3656,112,-0.235,0.363,948
733,rainy_peak,3641,82,0.405,0.382,914
734,low_traffic,3610,111,-0.402,0.376,919
735,low_traffic,3645,105,-0.277,0.375,935
736,rainy_peak,3607,85,0.381,0.355,818
737,low_traffic,3654,111,-0.208,0.331,913
738,rainy_peak,3626,84,0.599,0.355,867
739,cloudy_normal,3622,112,-0.167,0.327,818
740,normal,3633,109,-0.266,0.346,813
741,rainy_normal,3653,89,0.227,0.353,851
742,rainy_peak,3636,80,0.492,0.334,804
743,peak_hour,3650,105,-0.123,0.329,797
744,rainy_peak,3642,86,0.447,0.35,799
745,cloudy_normal,3629,103,0.011,0.294,887
746,low_traffic,3655,94,0.047,0.375,1007
747,rainy_normal,3606,87,0.348,0.348,850
748,rainy_normal,3608,88,0.271,0.34,887
749,cloudy_normal,3632,104,-0.074,0.351,827
750,peak_hour,3609,109,-0.163,0.354,907
751,peak_hour,3637,107,-0.57,0.417,933
752,cloudy_normal,3630,98,0.134,0.344,930
753,normal,3634,103,0.013,0.329,1000
754,rainy_normal,3640,91,0.228,0.324,867
755,rainy_peak,3635,80,0.649,0.358,852
756,rainy_peak,3636,85,0.437,0.337,887
757,rainy_peak,3649,96,0.239,0.316,897
758,cloudy_normal,3620,101,-0.021,0.329,933
759,rainy_normal,3659,86,0.231,0.35,924
760,peak_hour,3613,105,-0.192,0.336,924
761,cloudy_normal,3624,108,0.187,0.35,798
762,rainy_normal,3632,83,0.191,0.38,868
763,rainy_normal,3627,84,0.313,0.386,904
764,normal,3603,105,-0.289,0.365,940
765,rainy_normal,3641,88,0.009,0.378,848
766,low_traffic,3606,99,-0.018,0.385,956
767,rainy_normal,3624,87,0.517,0.39,885
768,cloudy_normal,3645,113,0.018,0.323,975
769,normal,3600,109,-0.196,0.368,962
770,peak_hour,3641,108,-0.332,0.347,922
771,peak_hour,3630,104,-0.327,0.366,885
772,low_traffic,3631,112,-0.32,0.328,828
773,rainy_peak,3624,83,0.542,0.339,897
774,low_traffic,3630,98,-0.051,0.385,1032
775,cloudy_normal,3659,106,-0.115,0.328,956
776,normal,3640,110,-0.332,0.341,903
777,low_traffic,3628,109,-0.3,0.36,862
778,peak_hour,3620,100,-0.156,0.351,896
779,rainy_peak,3649,80,0.634,0.376,936
780,peak_hour,3617,105,-0.002,0.328,944
781,cloudy_normal,3638,105,-0.193,0.332,881
782,rainy_normal,3616,90,0.377,0.323,862
783,low_traffic,3656,105,-0.114,0.352,962
784,normal,3658,110,-0.085,0.344,901
785,cloudy_normal,3644,93,0.173,0.33,935
786,cloudy_normal,3602,108,-0.191,0.348,898
787,low_traffic,3600,110,-0.402,0.353,913
788,low_traffic,3658,110,-0.179,0.382,986
789,rainy_peak,3603,75,0.803,0.347,891
790,normal,3619,104,-0.091,0.438,978
791,normal,3621,92,0.094,0.347,1009
792,rainy_normal,3645,78,0.845,0.346,929
793,rainy_peak,3613,87,0.512,0.339,815
794,rainy_normal,3655,85,0.463,0.373,862
795,low_traffic,3631,112,-0.332,0.39,968
796,rainy_peak,3630,93,0.188,0.392,852
797,low_traffic,3630,104,-0.181,0.35,941
798,cloudy_normal,3615,114,-0.084,0.298,965
799,low_traffic,3646,108,-0.257,0.361,1001
800,cloudy_normal,3608,98,0.087,0.355,931
801,low_traffic,3620,121,-0.262,0.347,886
802,peak_hour,3644,109,-0.103,0.326,979
803,low_traffic,3638,112,-0.058,0.327,918
804,low_traffic,3626,103,0.081,0.35,989
805,cloudy_normal,3606,99,-0.094,0.327,974
806,low_traffic,3608,111,-0.282,0.344,985
807,rainy_normal,3611,77,0.579,0.358,896
808,rainy_normal,3642,81,0.569,0.352,925
809,peak_hour,3645,100,-0.09,0.332,982
810,rainy_normal,3640,90,0.347,0.343,845
811,rainy_normal,3636,81,0.438,0.337,852
812,peak_hour,3640,105,-0.289,0.336,906
813,cloudy_normal,3621,102,0.166,0.298,904
814,peak_hour,3652,115,-0.08,0.313,919
815,low_traffic,3629,107,-0.305,0.339,834
816,normal,3613,108,-0.273,0.348,870
817,rainy_peak,3644,82,0.697,0.365,848
818,rainy_peak,3624,82,0.441,0.388,784
819,cloudy_normal,3615,120,-0.136,0.329,835
820,low_traffic,3651,111,-0.225,0.325,934
821,cloudy_normal,3633,107,-0.036,0.309,881
822,rainy_normal,3614,79,0.379,0.355,846
823,cloudy_normal,3602,100,-0.101,0.405,888
824,normal,3659,95,0.022,0.365,930
825,cloudy_normal,3667,110,-0.082,0.342,872
826,cloudy_normal,3631,118,-0.174,0.322,816
827,peak_hour,3619,104,-0.472,0.387,903
828,rainy_normal,3609,85,0.477,0.331,832
829,rainy_peak,3631,92,0.343,0.336,762
830,normal,3627,114,-0.362,0.383,736
831,cloudy_normal,3600,99,0.251,0.345,867
832,normal,3612,107,-0.016,0.362,857
833,normal,3626,102,-0.038,0.388,893
834,rainy_normal,3620,82,0.366,0.357,828
835,peak_hour,3625,104,-0.29,0.392,798
836,cloudy_normal,3628,104,0.069,0.341,835
837,peak_hour,3638,102,-0.206,0.422,834
838,cloudy_normal,3626,107,-0.181,0.374,846
839,rainy_normal,3617,90,0.334,0.334,849
840,low_traffic,3618,92,-0.125,0.424,924
841,peak_hour,3647,95,-0.091,0.368,947
842,cloudy_normal,3646,97,0.048,0.341,919
843,low_traffic,3623,100,-0.008,0.35,929
844,rainy_normal,3603,80,0.501,0.407,855
845,low_traffic,3629,107,-0.506,0.433,828
846,normal,3625,92,0.252,0.402,986
847,rainy_peak,3612,83,0.597,0.379,864
848,cloudy_normal,3640,108,-0.218,0.339,773
849,peak_hour,3608,109,-0.046,0.336,879
850,rainy_peak,3641,82,0.371,0.366,904
851,rainy_peak,3652,87,0.214,0.365,853
852,low_traffic,3602,102,0.088,0.308,939
853,rainy_normal,3605,82,0.587,0.34,892
854,low_traffic,3615,101,-0.03,0.327,888
855,peak_hour,3605,91,-0.037,0.343,925
856,rainy_peak,3623,85,0.178,0.371,820
857,low_traffic,3619,110,-0.091,0.294,928
858,rainy_normal,3625,91,0.137,0.339,860
859,rainy_peak,3645,94,0.238,0.338,816
860,rainy_peak,3620,87,0.416,0.339,849
861,normal,3643,113,-0.439,0.342,892
862,cloudy_normal,3653,105,-0.097,0.342,835
863,low_traffic,3636,106,-0.269,0.416,905
864,normal,3660,100,0.057,0.336,949
865,peak_hour,3600,97,0.171,0.367,926
866,rainy_peak,3658,86,0.743,0.33,871
867,normal,3613,89,0.229,0.383,917
868,cloudy_normal,3634,97,0.345,0.338,835
869,normal,3647,103,-0.32,0.345,896
870,normal,3609,100,-0.1,0.323,926
871,rainy_peak,3610,76,0.813,0.355,874
872,rainy_peak,3624,76,0.648,0.356,847
873,peak_hour,3601,105,-0.319,0.381,905
874,rainy_normal,3603,83,0.25,0.4,840
875,rainy_normal,3655,83,0.479,0.327,903
876,rainy_normal,3641,91,0.244,0.353,923
877,normal,3611,103,-0.207,0.376,992
878,peak_hour,3604,101,-0.179,0.35,870
879,rainy_normal,3636,94,-0.044,0.362,738
880,cloudy_normal,3640,100,-0.225,0.351,868
881,rainy_normal,3628,85,0.435,0.323,844
882,peak_hour,3638,102,0.207,0.321,885
883,peak_hour,3654,111,-0.331,0.376,874
884,peak_hour,3606,100,-0.128,0.354,843
885,normal,3633,116,-0.359,0.31,832
886,low_traffic,3642,103,-0.236,0.34,933
887,rainy_peak,3604,95,-0.023,0.32,782
888,peak_hour,3603,98,-0.191,0.367,969
889,low_traffic,3642,104,-0.209,0.345,951
890,normal,3633,97,0.195,0.336,940
891,cloudy_normal,3608,110,-0.257,0.337,892
892,normal,3615,103,-0.081,0.323,942
893,cloudy_normal,3619,114,-0.29,0.31,804
894,peak_hour,3632,103,0.236,0.318,949
895,normal,3651,102,0.003,0.306,941
896,cloudy_normal,3613,106,-0.479,0.35,837
897,rainy_normal,3636,83,0.283,0.372,851
898,rainy_normal,3633,87,0.37,0.329,873
899,low_traffic,3612,92,0.028,0.323,967
900,normal,3604,110,-0.035,0.303,876
901,cloudy_normal,3619,101,0.048,0.327,837
902,rainy_normal,3602,82,0.647,0.338,897
903,cloudy_normal,3643,112,-0.079,0.305,899
904,normal,3625,101,-0.045,0.346,868
905,rainy_peak,3602,81,0.255,0.354,820
906,peak_hour,3655,102,0.071,0.306,955
907,peak_hour,3620,97,0.227,0.325,933
908,cloudy_normal,3625,98,0.15,0.335,846
909,low_traffic,3632,99,0.142,0.319,926
910,rainy_peak,3603,83,0.548,0.34,863
911,rainy_normal,3655,83,0.35,0.339,871
912,peak_hour,3604,102,-0.047,0.302,880
913,rainy_normal,3621,78,0.275,0.372,821
914,rainy_peak,3651,79,0.538,0.328,873
915,low_traffic,3643,107,-0.492,0.377,882
916,rainy_normal,3608,77,0.743,0.336,880
917,rainy_peak,3603,84,0.438,0.355,826
918,peak_hour,3608,102,0.113,0.357,887
919,peak_hour,3661,110,-0.129,0.338,982
920,rainy_normal,3602,87,0.227,0.362,866
921,normal,3610,92,0.141,0.334,1024
922,cloudy_normal,3618,111,-0.095,0.325,909
923,rainy_normal,3642,83,0.516,0.362,876
924,rainy_normal,3609,77,0.658,0.338,935
925,rainy_normal,3639,80,0.666,0.359,829
926,cloudy_normal,3661,109,-0.007,0.316,973
927,rainy_normal,3641,92,0.148,0.347,901
928,low_traffic,3611,107,-0.27,0.307,877
929,normal,3603,93,0.218,0.345,993
930,peak_hour,3668,107,-0.121,0.328,965
931,low_traffic,3641,93,0.182,0.33,1018
932,rainy_normal,3651,91,0.227,0.339,877
933,peak_hour,3623,112,-0.125,0.276,963
934,normal,3628,101,0.016,0.329,970
935,rainy_peak,3633,84,0.396,0.344,889
936,cloudy_normal,3627,100,0.067,0.343,904
937,normal,3650,104,0.004,0.312,966
938,rainy_peak,3612,97,-0.069,0.338,881
939,normal,3647,107,-0.173,0.315,963
940,rainy_normal,3616,94,0.256,0.354,942
941,low_traffic,3620,101,0.198,0.301,945
942,normal,3609,95,0.291,0.317,1012
943,rainy_peak,3627,84,0.807,0.325,931
944,peak_hour,3615,98,0.075,0.327,931
945,normal,3668,112,-0.208,0.332,866
946,rainy_peak,3610,78,0.582,0.386,926
947,rainy_normal,3614,85,0.331,0.326,905
948,low_traffic,3613,103,0.112,0.299,934
949,normal,3604,97,0.119,0.345,870
950,low_traffic,3629,105,-0.413,0.364,932
951,peak_hour,3601,98,0.211,0.315,970
952,peak_hour,3613,115,-0.242,0.285,887
953,low_traffic,3619,103,0.014,0.339,947
954,rainy_normal,3647,87,0.371,0.358,938
955,peak_hour,3626,106,-0.077,0.293,977
956,low_traffic,3612,105,0.083,0.316,957
957,rainy_normal,3657,89,0.008,0.376,884
958,cloudy_normal,3624,106,-0.002,0.294,957
 959,rainy_normal,3621,80,0.581,0.397,950
960,peak_hour,3647,118,-0.221,0.299,864
961,rainy_normal,3649,94,0.129,0.392,920
962,normal,3625,95,0.015,0.379,926
963,rainy_peak,3633,92,0.199,0.389,908
964,cloudy_normal,3635,98,0.144,0.3,1014
965,rainy_normal,3609,93,0.481,0.37,883
966,peak_hour,3625,93,0.205,0.315,997
967,low_traffic,3652,103,0.086,0.295,1050
968,normal,3641,112,-0.202,0.319,1006
969,rainy_peak,3608,86,0.304,0.356,925
970,rainy_normal,3654,89,0.286,0.342,865
971,cloudy_normal,3663,106,-0.078,0.358,956
972,cloudy_normal,3631,99,0.135,0.34,901
973,rainy_normal,3664,98,-0.186,0.378,887
974,rainy_normal,3649,90,0.044,0.407,883
975,normal,3640,95,0.074,0.335,977
976,normal,3603,106,-0.261,0.332,975
977,cloudy_normal,3604,114,-0.17,0.325,947
978,rainy_peak,3657,82,0.573,0.36,900
979,normal,3622,112,-0.02,0.326,920
980,rainy_normal,3611,78,0.674,0.382,960
981,rainy_peak,3640,81,0.305,0.407,945
982,peak_hour,3619,106,-0.12,0.325,922
983,rainy_normal,3618,83,0.623,0.376,931
984,rainy_normal,3602,88,0.339,0.381,946
985,normal,3602,102,-0.119,0.349,902
986,normal,3602,108,-0.129,0.33,933
987,normal,3623,105,-0.089,0.305,999
988,low_traffic,3622,111,-0.258,0.315,950
989,low_traffic,3618,112,-0.205,0.31,965
990,peak_hour,3618,106,-0.095,0.321,967
991,rainy_peak,3603,93,0.157,0.357,894
992,rainy_normal,3631,81,0.499,0.41,921
993,normal,3658,93,0.333,0.307,983
994,cloudy_normal,3629,104,-0.032,0.326,905
995,cloudy_normal,3617,114,-0.118,0.304,886
996,rainy_normal,3614,83,0.484,0.378,871
997,normal,3612,109,-0.161,0.331,974
998,cloudy_normal,3608,103,0.263,0.318,907
999,low_traffic,3614,117,-0.347,0.299,918
1000,normal,3621,106,-0.153,0.325,997
1001,low_traffic,3609,117,-0.354,0.323,966
1002,rainy_peak,3629,77,0.553,0.397,921
1003,normal,3600,101,-0.246,0.328,910
1004,cloudy_normal,3655,99,-0.115,0.37,967
1005,rainy_peak,3631,93,0.017,0.406,919
1006,cloudy_normal,3605,104,-0.107,0.356,975
1007,peak_hour,3648,102,0.021,0.34,982
1008,low_traffic,3637,108,-0.187,0.351,1006
1009,peak_hour,3615,95,0.068,0.365,1017
1010,normal,3623,114,-0.293,0.337,1012
1011,rainy_peak,3606,81,0.466,0.358,904
1012,normal,3619,101,-0.072,0.336,951
1013,rainy_peak,3612,85,0.545,0.391,862
1014,cloudy_normal,3611,103,-0.032,0.324,907
1015,cloudy_normal,3630,91,0.334,0.362,958
1016,rainy_normal,3618,81,0.557,0.397,935
1017,rainy_peak,3617,88,0.081,0.382,903
1018,peak_hour,3645,103,-0.234,0.368,975
1019,rainy_peak,3600,78,0.873,0.395,949
1020,rainy_peak,3658,87,0.197,0.373,936
1021,peak_hour,3638,98,0.053,0.351,1021
1022,normal,3609,114,-0.143,0.29,901
1023,cloudy_normal,3612,109,-0.004,0.317,888
1024,normal,3620,85,0.56,0.379,1091
1025,low_traffic,3608,108,-0.067,0.308,927
1026,cloudy_normal,3646,103,0.006,0.32,960
1027,rainy_peak,3610,78,0.638,0.385,905
1028,rainy_normal,3624,87,0.534,0.392,960
1029,cloudy_normal,3602,117,-0.116,0.307,911
1030,rainy_normal,3636,95,0.258,0.33,892
1031,peak_hour,3650,101,0.029,0.322,1033
1032,rainy_normal,3601,81,0.659,0.366,912
1033,normal,3623,104,-0.184,0.369,1061
1034,cloudy_normal,3629,109,-0.116,0.38,967
1035,low_traffic,3651,112,-0.128,0.325,967
1036,cloudy_normal,3606,105,-0.06,0.344,887
1037,low_traffic,3603,110,-0.177,0.349,980
1038,rainy_normal,3631,90,0.062,0.411,892
1039,rainy_peak,3621,80,0.659,0.391,900
1040,low_traffic,3614,100,-0.077,0.32,967
1041,low_traffic,3629,102,-0.115,0.335,1026
1042,rainy_normal,3607,79,0.741,0.355,846
1043,low_traffic,3601,103,-0.071,0.32,978
1044,cloudy_normal,3605,104,-0.084,0.327,922
1045,rainy_normal,3630,89,0.366,0.35,874
1046,peak_hour,3607,109,-0.083,0.302,933
1047,cloudy_normal,3600,99,0.168,0.32,949
1048,low_traffic,3645,109,-0.125,0.3,889
1049,normal,3656,106,-0.159,0.318,941
1050,cloudy_normal,3619,96,0.149,0.322,923
1051,low_traffic,3624,113,-0.033,0.299,964
1052,rainy_peak,3613,85,0.261,0.351,884
1053,normal,3601,106,-0.413,0.343,882
1054,rainy_normal,3625,89,0.041,0.362,883
1055,normal,3613,98,-0.055,0.309,945
1056,rainy_normal,3662,76,0.574,0.41,960
1057,cloudy_normal,3642,118,-0.106,0.296,848
1058,low_traffic,3602,112,-0.278,0.305,805
1059,rainy_normal,3659,88,0.592,0.334,914
1060,normal,3603,94,0.296,0.347,1012
1061,normal,3624,107,0.082,0.323,992
1062,cloudy_normal,3627,104,-0.099,0.343,913
1063,peak_hour,3662,112,-0.116,0.299,1008
1064,low_traffic,3648,105,-0.196,0.336,961
1065,rainy_peak,3633,80,0.719,0.351,905
1066,rainy_peak,3621,83,0.551,0.332,844
1067,low_traffic,3604,106,0.008,0.288,906
1068,rainy_peak,3608,78,0.514,0.379,904
1069,rainy_peak,3603,93,0.513,0.343,829
1070,normal,3622,112,-0.257,0.319,948
1071,rainy_normal,3602,91,0.549,0.332,885
1072,low_traffic,3624,106,-0.37,0.338,889
1073,low_traffic,3616,103,-0.212,0.329,916
1074,rainy_normal,3666,86,0.302,0.352,915
1075,normal,3626,89,0.037,0.33,957
1076,rainy_normal,3635,77,0.723,0.36,916
1077,cloudy_normal,3654,99,-0.061,0.397,966
1078,normal,3624,97,0.032,0.367,931
1079,low_traffic,3654,110,-0.172,0.335,918
1080,low_traffic,3658,106,-0.22,0.363,939
1081,peak_hour,3600,99,0.02,0.378,877
1082,normal,3606,109,0.179,0.307,946
1083,low_traffic,3627,100,0.199,0.322,966
1084,peak_hour,3634,118,-0.122,0.31,969
1085,low_traffic,3647,105,-0.273,0.328,962
1086,cloudy_normal,3602,110,0.078,0.304,917
1087,normal,3662,101,0.051,0.356,933
1088,rainy_peak,3630,80,0.719,0.346,971
1089,rainy_peak,3653,76,0.833,0.369,906
1090,cloudy_normal,3649,105,0.061,0.332,951
1091,rainy_normal,3658,80,0.499,0.385,895
1092,peak_hour,3655,107,-0.142,0.357,1046
1093,peak_hour,3605,94,0.078,0.364,1077
1094,rainy_peak,3604,77,0.82,0.365,893
1095,low_traffic,3655,115,-0.42,0.307,934
1096,low_traffic,3602,105,-0.345,0.351,1021
1097,rainy_peak,3606,91,0.244,0.352,916
1098,rainy_normal,3638,76,0.798,0.355,876
1099,low_traffic,3626,108,-0.125,0.342,947
1100,rainy_normal,3620,86,0.345,0.388,961
1101,rainy_normal,3622,92,0.291,0.381,968
1102,rainy_normal,3649,91,0.223,0.363,893
1103,rainy_normal,3602,80,0.32,0.443,854
1104,peak_hour,3645,93,0.183,0.328,1001
1105,rainy_peak,3604,82,0.443,0.359,843
1106,peak_hour,3615,109,-0.184,0.319,981
1107,rainy_peak,3619,79,0.609,0.388,936
1108,peak_hour,3625,96,0.366,0.339,984
1109,cloudy_normal,3631,97,0.083,0.339,884
1110,cloudy_normal,3638,96,0.362,0.334,1008
1111,cloudy_normal,3619,93,0.246,0.351,939
1112,rainy_peak,3628,97,0.078,0.374,891
1113,cloudy_normal,3624,102,0.097,0.347,970
1114,peak_hour,3635,102,0.161,0.324,1038
1115,rainy_peak,3660,86,0.515,0.377,877
1116,peak_hour,3608,100,0.239,0.367,1039
1117,normal,3650,95,0.218,0.348,1000
1118,normal,3634,99,0.215,0.362,1022
1119,low_traffic,3660,107,-0.061,0.317,881
1120,peak_hour,3607,109,-0.084,0.353,938
1121,rainy_normal,3615,86,0.334,0.332,852
1122,cloudy_normal,3606,109,0.195,0.344,923
1123,rainy_peak,3631,81,0.342,0.42,890
1124,rainy_peak,3667,90,0.401,0.421,924
1125,normal,3600,105,-0.332,0.34,959
1126,peak_hour,3601,103,0.109,0.33,997
1127,peak_hour,3613,105,-0.065,0.323,920
1128,normal,3629,106,0.082,0.327,937
1129,normal,3639,101,0.104,0.323,1009
1130,normal,3649,115,-0.127,0.305,919
1131,low_traffic,3635,104,0.011,0.326,937
1132,low_traffic,3602,108,-0.127,0.322,960
1133,rainy_normal,3644,82,0.538,0.411,861
1134,peak_hour,3601,92,-0.003,0.334,938
1135,peak_hour,3618,99,-0.033,0.337,935
1136,rainy_normal,3620,86,0.604,0.384,921
1137,rainy_normal,3653,79,0.534,0.389,869
1138,rainy_peak,3632,88,0.234,0.4,846
1139,rainy_normal,3615,82,0.379,0.427,819
1140,cloudy_normal,3610,123,-0.225,0.334,812
1141,rainy_normal,3610,79,0.403,0.416,855
1142,normal,3653,104,-0.1,0.332,1010
1143,rainy_peak,3635,81,0.478,0.411,918
1144,peak_hour,3602,107,-0.397,0.363,890
1145,normal,3607,98,-0.168,0.366,841
1146,low_traffic,3653,104,-0.091,0.352,941
1147,peak_hour,3657,105,-0.096,0.358,838
1148,cloudy_normal,3631,105,0.193,0.371,926
1149,rainy_normal,3631,85,0.163,0.37,895
1150,normal,3634,117,-0.204,0.319,865
1151,normal,3644,106,0.009,0.344,909
1152,rainy_normal,3614,80,0.508,0.354,940
1153,rainy_normal,3623,85,0.276,0.404,870
1154,normal,3631,95,0.331,0.362,966
1155,peak_hour,3622,105,-0.076,0.395,912
1156,rainy_peak,3642,87,0.279,0.398,899
1157,normal,3602,98,-0.119,0.365,878
1158,low_traffic,3607,104,-0.14,0.374,948
1159,normal,3630,95,0.273,0.398,916
1160,cloudy_normal,3657,103,0.184,0.328,920
1161,normal,3605,106,-0.122,0.333,887
1162,normal,3627,100,-0.131,0.361,904
1163,peak_hour,3617,100,-0.007,0.348,883
1164,normal,3614,104,0.035,0.34,941
1165,rainy_normal,3601,85,0.457,0.393,867
1166,peak_hour,3651,100,0.126,0.342,910
1167,cloudy_normal,3625,100,0.244,0.352,942
1168,cloudy_normal,3619,99,0.198,0.364,928
1169,normal,3611,110,-0.16,0.352,879
1170,low_traffic,3656,103,0.292,0.31,956
1171,low_traffic,3605,120,-0.348,0.326,875
1172,normal,3626,111,-0.408,0.362,860
1173,rainy_normal,3624,82,0.406,0.396,865
1174,cloudy_normal,3626,103,0.029,0.353,857
1175,rainy_peak,3633,85,0.545,0.404,926
1176,low_traffic,3646,108,-0.019,0.367,945
1177,normal,3640,101,-0.136,0.364,911
1178,low_traffic,3633,110,-0.306,0.371,882
1179,low_traffic,3616,108,-0.153,0.355,975
1180,rainy_peak,3658,86,0.367,0.419,913
1181,low_traffic,3654,123,-0.523,0.338,850
1182,low_traffic,3638,111,-0.26,0.347,1018
1183,normal,3609,95,0.242,0.372,1032
1184,rainy_normal,3639,84,0.348,0.467,930
1185,rainy_peak,3643,93,0.036,0.412,891
1186,rainy_normal,3643,91,0.242,0.431,869
1187,rainy_peak,3644,87,0.649,0.39,854
1188,rainy_peak,3644,80,0.671,0.457,937
1189,low_traffic,3603,109,-0.162,0.366,971
1190,normal,3615,100,0.057,0.361,1038
1191,peak_hour,3635,103,0.347,0.349,984
1192,low_traffic,3635,105,-0.22,0.337,969
1193,rainy_normal,3657,95,0.173,0.462,927
1194,cloudy_normal,3600,108,-0.0,0.31,1022
1195,normal,3637,112,-0.082,0.337,908
1196,low_traffic,3611,109,-0.289,0.427,954
1197,peak_hour,3613,107,-0.201,0.348,951
1198,peak_hour,3609,107,0.139,0.341,984
1199,cloudy_normal,3655,102,0.315,0.346,1022
1200,rainy_normal,3636,89,0.156,0.382,900
1201,rainy_normal,3611,74,0.884,0.439,992
1202,rainy_normal,3641,93,0.1,0.396,926
1203,low_traffic,3644,111,-0.055,0.337,887
1204,rainy_peak,3617,84,0.209,0.454,970
1205,rainy_normal,3647,80,0.416,0.477,958
1206,rainy_normal,3600,89,0.544,0.352,932
1207,peak_hour,3653,113,-0.267,0.378,908
1208,peak_hour,3615,103,-0.084,0.398,991
1209,cloudy_normal,3601,117,-0.365,0.35,884
1210,rainy_normal,3633,84,0.538,0.393,926
1211,rainy_normal,3623,88,0.378,0.407,924
1212,cloudy_normal,3617,111,0.055,0.311,1022
1213,normal,3632,100,0.241,0.302,979
1214,peak_hour,3642,110,-0.324,0.34,957
1215,rainy_normal,3603,93,0.051,0.369,871
1216,normal,3624,94,0.264,0.337,1018
1217,peak_hour,3658,110,-0.146,0.362,980
1218,low_traffic,3643,101,0.016,0.358,927
1219,cloudy_normal,3620,98,0.065,0.378,949
1220,rainy_normal,3611,89,0.35,0.366,923
1221,rainy_peak,3654,97,0.105,0.448,908
1222,rainy_normal,3608,82,0.793,0.387,975
1223,low_traffic,3634,112,-0.134,0.362,976
1224,cloudy_normal,3609,102,0.148,0.356,909
1225,rainy_peak,3646,84,0.418,0.402,925
1226,rainy_peak,3652,94,0.223,0.364,866
1227,peak_hour,3649,107,-0.176,0.347,882
1228,cloudy_normal,3605,103,0.26,0.325,1056
1229,cloudy_normal,3603,106,0.04,0.338,872
1230,peak_hour,3621,100,0.125,0.318,963
1231,rainy_peak,3641,80,0.486,0.383,914
1232,cloudy_normal,3629,100,-0.133,0.348,927
1233,normal,3609,101,-0.102,0.359,896
1234,low_traffic,3635,99,0.069,0.347,879
1235,low_traffic,3637,100,-0.122,0.352,906
1236,cloudy_normal,3622,107,-0.013,0.303,845
1237,cloudy_normal,3601,97,0.098,0.336,851
1238,normal,3608,104,-0.248,0.397,827
1239,low_traffic,3643,108,-0.068,0.306,897
1240,low_traffic,3614,104,0.062,0.325,938
1241,normal,3662,101,0.15,0.352,960
1242,rainy_peak,3616,88,0.363,0.372,865
1243,rainy_normal,3606,92,0.159,0.336,888
1244,peak_hour,3611,105,0.057,0.322,928
1245,normal,3651,107,-0.174,0.351,867
1246,low_traffic,3643,103,-0.37,0.357,925
1247,cloudy_normal,3627,111,0.059,0.339,848
1248,low_traffic,3622,114,-0.083,0.337,812
1249,rainy_normal,3605,90,0.003,0.358,897
1250,rainy_peak,3662,91,0.219,0.339,876
1251,low_traffic,3667,94,0.268,0.326,928
1252,low_traffic,3658,104,-0.039,0.343,866
1253,cloudy_normal,3604,107,-0.21,0.361,865
1254,peak_hour,3649,102,-0.108,0.373,1001
1255,normal,3622,107,-0.248,0.351,943
1256,rainy_normal,3603,90,0.203,0.391,852
1257,rainy_normal,3636,81,0.72,0.389,928
1258,normal,3602,99,0.27,0.31,948
1259,rainy_normal,3635,79,0.709,0.344,869
1260,cloudy_normal,3618,100,0.087,0.321,1007
1261,rainy_peak,3623,79,0.657,0.36,881
1262,peak_hour,3648,99,-0.055,0.331,914
1263,low_traffic,3657,110,-0.169,0.326,914
1264,low_traffic,3622,104,0.089,0.347,930
1265,rainy_peak,3628,95,0.31,0.389,916
1266,low_traffic,3611,112,-0.152,0.302,824
1267,rainy_normal,3604,87,0.379,0.351,905
1268,low_traffic,3608,111,-0.229,0.336,847
1269,normal,3611,92,0.111,0.342,981
1270,rainy_normal,3658,88,0.225,0.338,946
1271,low_traffic,3600,103,-0.2,0.337,943
1272,rainy_normal,3636,99,0.278,0.352,919
1273,cloudy_normal,3601,103,0.096,0.347,984
1274,normal,3606,107,-0.233,0.322,956
1275,rainy_normal,3603,76,0.777,0.397,991
1276,rainy_normal,3602,88,0.298,0.366,925
1277,cloudy_normal,3650,115,-0.149,0.323,955
1278,rainy_peak,3629,88,0.322,0.397,885
1279,low_traffic,3627,116,-0.318,0.326,885
1280,rainy_normal,3603,88,0.537,0.329,915
1281,peak_hour,3610,109,-0.376,0.361,912
1282,rainy_normal,3662,93,0.278,0.328,930
1283,cloudy_normal,3636,106,-0.087,0.323,920
1284,rainy_normal,3613,88,0.309,0.378,1012
1285,rainy_normal,3622,87,0.371,0.34,912
1286,peak_hour,3622,102,0.004,0.37,970
1287,cloudy_normal,3624,107,0.127,0.332,911
1288,rainy_normal,3638,81,0.289,0.357,929
1289,cloudy_normal,3610,103,-0.004,0.351,923
1290,normal,3604,96,0.135,0.333,960
1291,normal,3607,106,-0.036,0.325,940
1292,normal,3653,92,0.375,0.361,960
1293,low_traffic,3612,118,-0.205,0.319,893
1294,cloudy_normal,3601,106,-0.084,0.328,836
1295,normal,3621,103,-0.138,0.408,914
1296,low_traffic,3648,100,0.145,0.385,937
1297,rainy_peak,3609,88,0.481,0.342,800
1298,peak_hour,3609,98,0.044,0.409,969
1299,cloudy_normal,3652,96,-0.149,0.329,899
1300,rainy_normal,3621,82,0.641,0.35,873
1301,peak_hour,3628,106,-0.388,0.398,880
1302,peak_hour,3616,101,-0.159,0.431,860
1303,normal,3647,95,-0.054,0.395,962
1304,rainy_normal,3633,79,0.52,0.356,890
1305,cloudy_normal,3647,95,0.348,0.35,991
1306,normal,3660,103,-0.076,0.373,988
1307,cloudy_normal,3650,101,0.27,0.373,981
1308,rainy_peak,3624,96,0.112,0.353,838
1309,rainy_peak,3661,91,0.228,0.335,898
1310,cloudy_normal,3611,102,0.024,0.339,907
1311,rainy_normal,3646,79,0.551,0.373,913
1312,cloudy_normal,3621,101,0.005,0.37,892
1313,peak_hour,3613,105,0.074,0.322,940
1314,low_traffic,3626,102,0.014,0.356,891
1315,low_traffic,3658,104,-0.279,0.34,985
1316,cloudy_normal,3635,103,0.18,0.316,924
1317,peak_hour,3643,102,-0.056,0.385,1034
1318,rainy_normal,3649,78,0.612,0.355,871
1319,peak_hour,3653,120,-0.389,0.346,874
1320,normal,3628,103,-0.108,0.402,925
1321,peak_hour,3616,95,0.262,0.335,857
1322,rainy_normal,3618,85,0.285,0.34,834
1323,normal,3615,93,0.031,0.374,974
1324,normal,3640,101,0.078,0.308,864
1325,rainy_normal,3632,91,0.019,0.328,905
1326,cloudy_normal,3609,106,-0.114,0.318,914
1327,peak_hour,3651,103,-0.056,0.314,923
1328,cloudy_normal,3635,117,-0.095,0.319,882
1329,peak_hour,3652,104,-0.004,0.316,950
1330,cloudy_normal,3663,111,-0.385,0.308,904
1331,peak_hour,3667,106,-0.072,0.323,1021
1332,peak_hour,3623,103,-0.012,0.348,981
1333,cloudy_normal,3601,105,0.11,0.358,898
1334,cloudy_normal,3603,91,0.293,0.359,994
1335,peak_hour,3612,98,-0.152,0.337,909
1336,low_traffic,3606,107,-0.058,0.315,906
1337,cloudy_normal,3600,96,0.243,0.342,972
1338,rainy_normal,3622,88,0.32,0.357,849
1339,cloudy_normal,3610,115,-0.168,0.327,867
1340,low_traffic,3607,99,0.02,0.341,979
